[
  {
    "id": 1,
    "header": "at-npx 1",
    "type": "Incidente",
    "status": "Transferido a Gestor",
    "target": "18",
    "limit": "5",
    "reviewer": "Gestor 1"
  },
  {
    "id": 2,
    "header": "at-npx 2",
    "type": "Incidente",
    "status": "En aprobación",
    "target": "29",
    "limit": "24",
    "reviewer": "Gestor 1"
  },
  {
    "id": 3,
    "header": "at-npx 3",
    "type": "Incidente",
    "status": "En aprobación",
    "target": "10",
    "limit": "13",
    "reviewer": "Gestor 1"
  },
  {
    "id": 4,
    "header": "at-npx 4",
    "type": "Incidente",
    "status": "Creado en Ivanti/Finalizado",
    "target": "27",
    "limit": "23",
    "reviewer": "Gestor 1"
  },
  {
    "id": 5,
    "header": "at-npx 5",
    "type": "Incidente",
    "status": "Transferido a Gestor",
    "target": "2",
    "limit": "16",
    "reviewer": "Gestor 1"
  },
  {
    "id": 6,
    "header": "at-npx 6",
    "type": "Requerimiento",
    "status": "Transferido a Gestor",
    "target": "20",
    "limit": "8",
    "reviewer": "Gestor 1"
  },
  {
    "id": 7,
    "header": "at-npx 7",
    "type": "Requerimiento",
    "status": "Transferido a Gestor",
    "target": "19",
    "limit": "21",
    "reviewer": "Gestor 2"
  },
  {
    "id": 8,
    "header": "at-npx 8",
    "type": "Requerimiento",
    "status": "Creado en Ivanti/Finalizado",
    "target": "25",
    "limit": "26",
    "reviewer": "Gestor 2"
  },
  {
    "id": 9,
    "header": "at-npx 9",
    "type": "FPQRS",
    "status": "Creado en Ivanti/Finalizado",
    "target": "7",
    "limit": "23",
    "reviewer": "Gestor 3"
  },
  {
    "id": 10,
    "header": "at-npx 10",
    "type": "FPQRS",
    "status": "Creado en Ivanti/Finalizado",
    "target": "30",
    "limit": "28",
    "reviewer": "Assign reviewer"
  },
  {
    "id": 11,
    "header": "at-npx 11",
    "type": "FPQRS",
    "status": "Creado en Ivanti/Finalizado",
    "target": "9",
    "limit": "31",
    "reviewer": "Assign reviewer"
  },
  {
    "id": 12,
    "header": "at-npx 12",
    "type": "FPQRS",
    "status": "Creado en Ivanti/Finalizado",
    "target": "12",
    "limit": "0",
    "reviewer": "Assign reviewer"
  },
  {
    "id": 13,
    "header": "at-npx 13",
    "type": "Requerimiento",
    "status": "Creado en Ivanti/Finalizado",
    "target": "22",
    "limit": "33",
    "reviewer": "Assign reviewer"
  },
  {
    "id": 14,
    "header": "at-npx 14",
    "type": "Requerimiento",
    "status": "Creado en Ivanti/Finalizado",
    "target": "15",
    "limit": "34",
    "reviewer": "Assign reviewer"
  },
  {
    "id": 15,
    "header": "at-npx 15",
    "type": "Requerimiento",
    "status": "Creado en Ivanti/Finalizado",
    "target": "3",
    "limit": "35",
    "reviewer": "Assign reviewer"
  },
  {
    "id": 16,
    "header": "at-npx 16",
    "type": "Requerimiento",
    "status": "En aprobación",
    "target": "6",
    "limit": "36",
    "reviewer": "Assign reviewer"
  },
  {
    "id": 17,
    "header": "at-npx 17",
    "type": "FPQRS",
    "status": "Creado en Ivanti/Finalizado",
    "target": "4",
    "limit": "37",
    "reviewer": "Assign reviewer"
  },
  {
    "id": 18,
    "header": "at-npx 18",
    "type": "Requerimiento",
    "status": "Creado en Ivanti/Finalizado",
    "target": "14",
    "limit": "38",
    "reviewer": "Assign reviewer"
  }
]
